TV1,Bond,Harry Potter,Cheesy,Game
"Sometimes I just want to get in my car and drive and drive, drive.",Governments change. The lies stay the same.,"(Point at your chest/heart) It's a port-key. Once you touch it, it'll take you somewhere you ain't never been before.",(As she is leaving) Hey aren't you forgetting something? (What?) Me!,"Aipom's pretty good with his hands, and so am I."
"Hate the game, not the playa.","After you, 006.",(Point your wand at girls crotch and say).... Alohamora!,"(Ask a person for the time) 9:15? So today is May 1, 2008, at 9:15 PM, thanks I just wanted to be able to remember the exact moment that I met the woman of my dreams.",Are you a Hitmonlee? Because your body is kickin'.
"I’m cool dad, that’s my thang.",I had to stop in the bathroom. ,Are you interested in making some magic together? My wand is at the ready.,(hold out hand) Would you hold this for me while I go for a walk?,Are you a Pikachu? Because you are shockingly beautiful.
Son of a bench!,"It appears we share the same passions. Three, anyway.",Are you using the Confundus charm on me or are you just naturally mind blowing?,"(Put your fingers on the other's nipples) Hey, here's (name), comin' at you with the weather. Can I be your warm front?",Are you a RARE CANDY? Because I feel a level-up.
You’re boring me.,One rises to meet a challenge.,"Baby, are you the Nimbus 2000 cause your sweeping me off my feet!",(She asks you the time) Its two flirty and the date's with you and me.,Are you from the Hoenn Region? Because you're the only HO I see.
"Let's hug it out, bitch.","Moneypenny, I'm devastated. Whatever would I do without you?","Baby, you don't need defense against my dark arts.","(steps on some ice) Now that the ice is broken, what's your name?","Baby, I'm a Mismagius. I'll make all of your wildest dreams come true."
"Wildcard, Bitches!",Really? What's the penalty for that?,Being without you is like being afflicted with the Cruciatus Curse.,(To someone working somewhere where a counter separates you) You're like a drug to me. Good thing you're over the counter.,Can I fertilize you with my sunkern?
It's going to be legendary,"Morning, Q. Sorry about the leg. Skiing?",Can I Slytherin your Ravenclaw or would you rather Hufflepuff my Gryffindor?,"(Walk up to someone and bite them anywhere) Sorry, taking a bite out of crime. [WHAT?] Well it has to be illegal to look that good!",Can I get into YOUR Secret Base?
"I would do anything for my friends, which I think is how everyone in the world feels. Which is why I finally understand war.",Lucky me,"Come here, I'll show you a REAL Patronus.","[Look at her shirt label.] When they say, ""What are you doing?"" You respond: ""Yep! Made in heaven!""",Care to take a Rhydon my Lapras til you Squirtle over me?
"Looking at the room, I can tell you're the most beautiful girl...in the room.","What, no small talk? No chit-chat? That's the trouble with the world today. No one takes the time to do a really sinister interrogation anymore. It's a lost art!","Come on, let's do it Hippogriff style!","[Point at her butt] Pardon me, is this seat taken?","Damn girl, I think I need a Parlyz Heal, Because you're stunning."
"Kip, stand by to take the blame.",And what's the penalty for treason?,"Did you just say ""Wingardium Leviosa""? Cause you've got me rising, baby.","A boy gives a girl 12 roses. 11 real, 1 fake and he says to her "" I will stop loving you when all the roses die""",Did you just FLASH(HM 05) me?
One of these days Alice—pow! Straight to the Moon!,He'll betray you. Just like everyone else.,Did you just use the stupify charm or are you a natural stunner?,A face without freckles is like a night sky without stars.,"Did you use CONFUSE RAY?, cuz your making me dizzy."
I'm coming to join you Elizabeth!,A worldwide financial meltdown... and all so mad little Alec can settle a score with the world 50 years on.,Did you survive Avada Kedavra? 'Cause you're drop dead gorgeous.,"All those curves, and me with no brakes!",Do you have a Ditto in your pocket because I can see myself in your pants.
"Her lips said 'No, but her eyes said 'read my lips.'",Everybody needs a hobby.,"Do me, I'm Harry Fucking Potter.","Apart from being sexy, what do you do for a living?",Do you like Pokeballs because you're about to get really close to one of mine.
"Lucy, you've got some 'splaining to do!",Why is it that people who can't take advice always insist on giving it?,Do you like Harry Potter? Because I a-Dumbledore you!,Are those diamonds real? [YES] I was talking about the ones in your eyes.,Do you wanna battle? Because my balls are at the ready!
Give me all the bacon and eggs you have.,Vodka-martini.,Do you want to head to the Shrieking Shack? We could do some shrieking of our own.,Are those space pants? Because your ass is out of this world!,Do you wanna LICKILICKY my icky sticky.
I don't know him well enough for a stop and chat.,Do I look like I give a damn?,"Even though I am in Gryffindor, every time I see you something in my pants is Slytherin!",Are we related? Do you want to be?,Do you wanna play my Poke Flute?
Are we having fun yet?,I do *hate* it when religion comes between us.,"Forget the train honey, just hop on my platform 9 and 3 quarters",Are you a banana? Because I find you a-peeling,Do you wanna play with my Poke Balls?
We were on a break!,"I've got a little itch, down there. Would you mind?","Girl, are you sure you're a muggle cause I'd swear that ass is magical!",Are you a beaver? Because daaaaam!,Do you wanna see my BELL-SPROUT?
Ain't no party like a Liz Lemon Party because a Liz Lemon party is mandatory.,"No, because once you've tasted it, that's all you want to drink.",Going to bed? Mind if I Slytherin?,"Are you a camera? Because every time I look at you, I smile.",Do you wanna see my NUGGETS?
I'm afraid I just blue myself.,The job's done and the bitch is dead.,"Hagrid's not the only giant on campus, if you know what I mean.",Are you a campfire? Because you are hot and I want s'more.,Do you wanna see my POLI-WAG?
That's what she said.,"Well, I wouldn't be very good at my job if it did.",Have you been using Accio? Cuz I've been coming to you every night,Are you a cat? Because you are purrrfect,Do you wanna see what's in my ball bag?
"Well, middle class was fun.",The name's Bond... James Bond.,Have you been using the Petrificus Totalus spell? Because you've made me stiff.,Are you a crayon? Because you bring color to my life.,Do you want to help my ekans learn intercourse?
Not that there's anything wrong with that.,"A martini. Shaken, not stirred.","Have you heard of Platform 9 and 3/4? Well, I can think of something else with the exact same measurements.","Are you a fruit, because Honeydew you know how fine you look right now?",Don't make me use Water Gun all over you!
"How's a beer sound, Norm? I don't know I usually finish before they get a word In.","Are you doing anything on Saturday? Wait, I just checked--you're not.",Hermoine your boobs look very heavy... can I hold them for you?,"Are you a girl scout, cause you tie my heart in knots.",Have you been taking lessons from a Lickitung?
"Well, the plot, unlike your hair, continues to thicken.",Are you the CIA? Because I don't think the president gave you permission to torture me with those good looks.,"Hermoine, I want to wear you like a pair of sun glasses, one leg over each ear.","Are you a hipster, because you make my hips stir.","Hey baby, wanna SPOINK?"
I don’t lose things. I place things in locations which later elude me.,Are you tired? Because you've been running through my chat log reviews all day.,"Hey, baby; I must be in the Room of Requirement, because I require YOU!",Are you a Hurricane [name]? Because you're blowing me away.,Hey girl! Are you a Pokemon? Because I wan tot have a peek-at-chu.
"Take pictures. Not of sights. Don’t take pictures of buildings. Take pictures of moments, because that’s what matters.",Baby your Verizon line ain't the only thing I'm tryna tap,"I am a seeker, are you my golden snitch?",Are you a kidnapper? Because you just abducted my heart.,"Hey, baby, my squirtle knows water gun."
"Guster, you have to wake up to the real world. People have sex and kill each other. That’s the real world. Not some magical ‘feelings’ place.","Bond: ""That gun, it looks more fitting for a woman.""",I can be anything you want me to be... I've got enough Polyjuice for the whole night!,Are you a light switch? 'Because you turn me on!,"Hey, I've got some legendary pokemon, do you want to touch my pokeballs to see just how legendary they are?"
"What isn’t clear is why people always say ‘goes without saying,’ yet still feel compelled to say the thing that was supposed to go without saying. Doesn’t that bother you?","Largo: ""You know much about guns, Mr. Bond?""",I could make you scream louder than a mandrake!,"Are you a magician? Because whenever I look at you, everyone else disappears!",How about you come and see my safari zone.
"Man, I’m nobody’s charity case. I demand I dig my own grave!","Bond: ""No, but I know a little about women.""","I don't have a broom, can I ride yours?",Are you a magician??? Because Abraca-DAYUM!,"How about you use REST, so i can sleep with you."
Just because you put syrup on something doesn’t make it a pancake.,Bond… James Bond.,"I don't need accio, to make you come!",Are you a microwave oven? Because you melt my heart.,How would you like me to use my Onix to BIND you to my bed?
How about you play six degrees of kiss my ass?,Could you help me find my stationary?,I don't need aguamenti to make you wet!,Are you a model?,"How would you like to see my viridian forest, well it's not really viridian."
"I’m nobody’s pawn, Shawn. I’m a Queen.","Della Leiter: ""Oh, James, would you mind? Felix is still in the study and we've got to cut this cake.""",I don't need the Mirror of Erised to know that you're everything I desire.,Are you a parking ticket? Because you've got FINE written all over you.,"I bought you an everstone, because I love you just the way you are."
"How can you tell that someone’s a compulsive liar? I mean, assuming that their pants aren’t on fire.","James Bond: ""I'll do anything for a woman with a knife.""","I heard you were in Gryffin-whore, because you let every wizard slyther-in.",Are you a Snickers bar? Because you satisfy me.,I can make your Jigglypuffs sing.
I can’t help being a gorgeous friend. It’s just the card I drew.,"Do you believe in love at first sight, or did I misunderstand your search history?",I heard you're a Gryffinwhore (Why?) Because you let every wizard Slytherin!,Are you a tamale? 'Because you're hot.,I can make your Milktanks moo.
Gus wants to know if your boat has cable. It’s the season finale of ‘Leverage’ and his TiVo’s on the fritz.,"Domino: ""How do you know my friends call me Domino?""","I know we're not in Professor Flitwick's class, but you still are charming.",Are you a terrorist? ... cause you're the bomb!,I heard Meowth's not the only mischievious pussy in town.
"And so, I accept that this is my fatal flaw. I just can't quite engage all the way when I really need to. When it really matters, you know? When the chips are down. So I guess what I'm saying is that I'm sorry, Gus. I'm sorry that I can't do goodbyes. I tried so hard to tell you, man. I just... I just suck at the real stuff, you know that. You're gonna be fine. You're gonna be better than fine. I just can't help thinking that the only problem that you really had this whole time... is me. And I've kept you from the life you deserve, you know? The life that you've earned, the life that you'd have if I hadn't barged into your office eight years ago and said, We're gonna play detective whether you want to or not. I love you, man.","James Bond: ""It's on the bracelet on your ankle.""","I may be a muggle, but the things I can do in bed are magical!",Are you African? Because you're a frican babe.,I just want to stick it in your wooper.
"Remember dad, you treat a woman like a person, then a princess, then a Greek goddess, then a person again. ","Domino: ""So . . . what sharp little eyes you've got.""","I may not be Harry Potter, but I can be your chosen one.","Are you an interior decorator? Because when I saw you, the entire room became beautiful.",I like to compare myself with Smeargle...I'm pretty handy with a paintbrush.
"Hello, I'm Shawn Spencer, and this is my partner, Radio Star. I'm afraid your video will kill him. ","James Bond: ""Wait till you get to my teeth.""","I may not be the boy who lived, but I can still be your chosen one.",Are you an interior decorator? Because you are making this room beautiful,"I made you some MOO-MOO MILK, but I forgot to use my Milktank."
"Gus, don't be Harry Potter and the Prisoner of Marzipan. ","Eve: ""That was hardly my best shot.""",I may not speak parseltongue but if you let me Slytherin to your bed I can show you what my tongue can really do!,Are you an orphanage? Because I wanna give you kids.,"I think I need a Paralyze Heal, because you're stunning."
"I warned you, Shawn, firefighters are trouble. I did everything in my power to keep you off the pole. ","James Bond: ""I'm not sure I could survive your best.""","I must have had some Felix Felicis, because I think I'm about to get lucky.",Are you as beautiful on the inside as you are on the outside?,I think I'm going to need a Burn Heal because you're hot.
"I can't help it, Shawn, my body craves buttery goodness.","Eve: ""I doubt you'll get the chance.""","I use to go to the Astronomy Tower to see stars, but now I can just look into your eyes!",Are you Australian? Because you meet all of my koala-fications.,I think I'm going to need a Burn Heal because you're hot.
"We get caught together, we face death together, it happens every week.",Fancy a shag? My other car is an Aston Martin. I have a huge apendege.,I wanna be your Dumblewhore.,Are you busy tonight around 2 a.m.?,I think we're going to need Defog (HM05) before the night is done.
Everyone stop whatever you're doing and only pay attention to me.,Female Receptionist: Could I interest you in something?,I wanna open you wide like a book in the restricted section!,"Are you cold? You look like you could use some hot chocolate... Well, here I am!",I wanna Munchlax your Cloyster.
"They tell me I got something called Narcissistic Personality Disorder. But, uh, the truth is this lustrous hair and dimpled chin are merely chapter one. I'm a veritable cornucopia of high-octane maladies, such as outrageous intelligence syndrome. And a little obsessive successful disorder.",James Bond: I'm tempted to say yes immediately but I think I'd maybe have a look around.,"I wanna stick my ""Sorcerer's Stone"" in your ""Chamber of Secrets"" and release ""The Prisoner of Azkaban"" into your ""Goblet of Fire"" giving the ""Order of the Phoenix"" making my ""Half Blood Prince"" rise and give you the ""Deathly Hallows""",Are you form Tennessee? Because you're the only ten I see!!!,I wanna see your Squirtle squirt.
"We are men, Gus. The world is our toilet.","Girl, you must have fallen from heaven because there is no tracking data to indicate how you arrived at this location.","I wanna stick my half-blood prince inside your chamber of secrets, and release the prisoner of azkaban to give you the deathly hallows.",Are you from China? Because I'm China get your number.,I wanna spread HONEY on your Forretress.
Agree to agree.,"Good day darling, how would you liek to bond?",I was the one who gave Moaning Myrtle her nickname!,Are you from Holland? Because amsterdayyyuuumm.,I want to Squirtle all over your Jigglypuffs.
"Well, much like Lady Gaga, I was born this way.","Helga Brandt: ""I've got you now.""",I would take a marauders map just to stare at you all night!,Are you from Tennessee? Because you're the only ten I see!,I will be your Pokemon if you let me Pikachu.
You caught me listening to my own music. How utterly Rob Thomas of me.,"James Bond: ""Well, enjoy yourself.""",I'd let you handle my wand any day!,Are you going to kiss me or do I have to lie about that part?,"I wish I was a Magikarp, so I could use SPLASH on you!"
"Falling in love with you was never part of the plan, okay? This whole thing started because my a** was on the line. Self-preservation, Jules - you got to understand that. I didn't have a choice. And then we sort of found a groove, and by the time you showed up, it was so much fun. I put away, like, over a hundred criminals. Most of them were murderers. I'm good at what I do. And what I do, it's good, isn't it?","Hello. Yes, I'm British.",I'd like to get my basilisk into your chamber of secrets.,Are you going to kiss me or do I have to lie to my diary?,"I wish I was a Seaking, so I could HORN DRILL you."
"Okay, you guys are actually devolving.",Honey Ryder: Looking for shells?,I'll remember to protect my wand when entering your chamber of secrets!,Are you Google? Because I've just found what I've been searching for.,"I wish I was an Abra, so I could TELEPORT to your bedroom."
I've never been murdered before! It's liberating.,James Bond: No. I'm just looking.,"I'm just like Oliver Wood, baby. I'm a keeper!",Are you Jewish? Because you ISRAELI HOT.,"I wish you and I were Weedles, so you and I could make a Kakuna and evolve together."
"Would you please stop quoting Math like it's a person? Next thing you'll tell me, Math is black.","Hotel Receptionist: ""I have a message for you.""",I'm like devils snare. It only gets more painful if you struggle!,Are you looking for a shallow relationship?,I wish you were the ground and I was a Diglett so I could be inside of you.
It's a gift that I bust out on rare occasions and almost all the time.,"James Bond: ""I think you just delivered it.""","I'm not wearing an invisibility cloak, but do you think I could still visit your restricted section tonight?",Are you lost ma'am? Because heaven is a long way from here,I'd like to get in your rock tunnel.
"Partners do not lie to each other, because partners put their lives in each other's hands.","How do you kill 5 hours in Rio, if you don't samba?",I've been whomping my willow thinking about you.,Are you my Appendix? Because I have a funny feeling in my stomach that makes me feel like I should take you out.,I'd like to Leech my Seeds into you.
"Gus, don’t be the 100th Luftballoon.",I couldn't help but hear your phone conversation with your sister yesterday & I think I can be that kind of man for you!,"I've got two Bertie Bott's beans and a wand, wanna taste?","Are you my phone charger? Because without you, I'd die.",I'd like to ride you like a HORSEA.
"Oh, please. I'm all about touching... respectfully",I feel like I've known you since you got that cellphone for your 15th birthday.,If I opened my Gryffindor would you Slytherin?,Are you on Nickelodeon? Because you're a-Dora-ble!,I'd like to Slowpoke your Cloyster.
Your new legal name is Recap McGee.,I knew you'd be here.,"If i were a sorting hat, I'd put you in my house!",Are you related to Jean-Claude Van Damme? Because Jean-Claude Van Damme you're sexy!,I'd POUND you with my Piplup.
I've got guts and cellulite. I don't even need a warrant.,I know exactly where you have been all my life.,"If I were to look into the Mirror of Erised, I'd see the two of us together.",Are you religious? Because you're the answer to all my prayers.,I'll use ROCK CLIMB in your Fortress.
I'm the cream in a crying sandwich.,I know exactly where you have been all my life.,"If you were a Dementor, I'd become a criminal just to get your kiss.",Are you sure you're not an alien because you've just abducted my heart!,"I'm a real Machamp, if you know what I mean."
We have a boner-fied defense team.,"I must complete the mission, but first, sex.",Interested in making some magic together? My wand is at the ready.,"Are you the moon? Because even when it's dark, you still seem to shine.",I'm going to Hoppip into your pants.
This is why we should not legalize marijuana.,I think he got the point.,Is that a wand in your pocket or are you just happy to see me?,Are you the new school janitor? Because you just swept me off my feet.,"I've got an Onyx, and if you come over to my place I'll show you his move Earthquake (TM 27)."
If I ask for a freshly demoted beat cop I will expect you front and center.,"I will ALWAYS have my eyes on you, darling...! My love for you is unconstitutional.",Is your name Felix Felicis? Cause you're about to get lucky!,"Are you Willy Wonka's daughter, Because you look sweet and delicious.",I've got Masterballs baby.
[Make siren sound] Somebody call a cop! Cause it got to be illegal to look that good!,"I will be keeping an eye on your smile, and off your perfectly formed arse!",Just the thought of your wand makes me spill my potion!,Are your parents bakers? Because they sure made you a cutie pie!,"If I was a Pokemon right now, I'd be an Erectabuzz"
"[Tom is playing with a stethoscope, using it on Leslie Knope (Amy Poehler)] Oh my god. Your boobs are dead!",I'd tap that.,Let me Slytherin your Griffendoor.,"Are your parents retarded, 'cause you sure are special.","If I were a Clefairy, I""d DOUBLE-SLAP dat ass."
"A boyfriend? No thanks, I have food.",I'm incredibly rich. Here's a new iPhone 5 with my number in it. Call me sometime.,Let's have a Tri-Wizard tournament Protect your 'wand' from 'hogwarts' when you enter the 'chamber of secrets',"Babe, your beauty makes the morning sun look like the dull glimmer of the moon.","If I were a Ghastly, I'd seep right through your pants."
A no sex pact! I have one of those with every woman in America!,"If I was James Bond's martini, how would you want me? Shaken or stirred?","Let's have some fun this match is sick, I want to take a ride on you Quidditch stick!",Babe! you look so fine I could drink your bath water!,"If I were a Hitmonchan, I'd Thunderpunch dat ass."
"Age of the geek, baby.","James Bond: [James is in bed with a Ling, a Chinese woman] Why do Chinese girls taste different from all other girls?",Lets practice Alohomora...you can be the door so I can slam you all I want!,"Baby I might not be Sriracha sauce but, I sure will spice up your life.","If I were a Milktank, I'd use ATTRACT on you."
Alcohol is for people who can afford to lose some brain cells.,"Ling: You think we better, huh?",Mind if I Weasley my way into your pants?,"Baby, I know my chemistry, and you've got one significant figure.","If I were a Nidoking, you would be my Nidoqueen."
"Always the con man, never the con.","James Bond: No, just different. Like Peking Duck is different from Russian Caviar. But I love them both.",My house is called the Shrieking Shack for a reason. I'll show you tonight.,"Baby, I'm no Fred Flintstone, but I can make your Bedrock!","If I were a Pidgeotto, I'd GUST your pants off."
Am I sexy in Tulsa?,"Ling: Darling, I give you very best duck.",My love for you burns like a dying phoenix.,"Baby, if you were words on a page, you'd be what they call FINE PRINT!","If you were a Pokemon, I'D CHOOSE YOU!"
"Angel, when I look into the future, all I see is you! All I want is you.","James Bond: ""I approve.""","My name might not be Luna, but I sure can Lovegood.","Baby, you are so fine I could put you on a plate and sop you up with a biscuit.","If you were a pokemon, you'd be a Squirtle, cause you make me wet!"
Are you a good cuddler? I might let you join my team.,"Goodnight: ""You do?""","My vagina is a horcrux, will you destroy it?","Baby, you're so hot, you make the equator look like the north pole.","If you were in a Pokemon Contest, you'd win first place in the Beauty/Cuteness category."
Are you a Grey's Anatomy fan? Because you're definitely McDreamy.,"James Bond: ""Oh, not the wine, your frock. Tight in all the right places, not too many buttons.""",My wand has chosen you!,"Baby, you're so sweet, you put Hershey's outta business.","Is that a Sudowoodo in your pocket, or are you just happy to see me?"
Are you a phoenix? ‘Cause baby you’re burning me up.,"James Bond: ""I tend to notice little things like that — whether a girl is a blonde or a brunette.""","My wand? 12 inches, unyielding.....","Be unique and different, say yes.",Is that a TANGELA down there?
Are you a secure network? Because I want to get in you.,"Tiffany Case: ""Which do you prefer?""",Once you go black you siriusly dont go back!,"Because of you, I laugh a little harder, cry a little less, and smile a lot more.",It's a good thing that I'm a pokemon trainer and can handle your Jigglypuffs!
Are you a slayer because you sure are my chosen one.,"James Bond: ""Well, as long as the collar and cuffs match . . . """,One night with me and they'll be calling you MOANING Myrtle.,Bond....James Bond,Let's go make a Mewtwo of our own.
Are you a witch because you sure got me spellbound,"James Bond: ""I think I'll call it a Vesper.""",Save a broom; ride a Quidditch player,Can I borrow a kiss? I promise I'll give it back.,Let's have a Togepi of our own!
Are you cold? Wanna borrow my Browncoat?,"Vesper Lynd: ""Because of the bitter aftertaste?""","Screw Gryffindor, Ravenclaw, Hufflepuff and Slytherin, the only house I wanna be in is yours","Can I borrow a quarter? [""What for?""] I want to call my mom and tell her I just met the man/woman of my dreams.",Let's make like a Super Rod and hook up.
Are you Eliot Spencer? Can you help me retrieve my heart?,"James Bond: ""No, because once you've tasted it, that's all you want to drink.""",Speak Parseltongue to me and I'll let my snake out!,"Can I borrow your cell phone? I need to call animal control, because I just saw a fox!",Let's make RegiLove!
Are you single? Because I'd love to start a non-nuclear family with you.,"James Bond: ""I was wrong about you.""",Together we could really make the 'Shrieking Shack' worthy of its name.,Can I buy you a drink or do you just want the money?,Lets make like the pages of this guide book and get under the covers.
"Baby we must be a perfect match, because you are in all my plans.","Dr. Christmas Jones: ""Yeah, how so?""",Wanna explore my chamber of secrets?,Can I copy your dance moves?,"Like an Umbreon, I also evolve at night."
"Baby, I love you so much that if Joss Whedon were writing our romance, one of us would be dead by now.","James Bond: ""I thought Christmas only comes once a year.""","Wanna make me moan like Myrtle? .,",Can I follow you home? Because my parents always told me to follow my dreams.,Looking at your ass makes my bulba soar.
"Baby, let me hack your pentagon.","James Bond: ""I'll tell you at dinner.""",Want to learn to speak troll? Don't worry I can get you grunting in no time.,Can I have directions? [To where?] To your heart.,My Bulbasaur knows TICKLE.
"Boo-boo bear. It's one of several nicknames I've made up for you. And you can choose which one you like best, 'cause I want this to be a give and take. ...We have cookie tush, Winnie the Boo, lady presh-presh, Annberry sauce, Annie get your boo, Tommy's girl, Annie bananie…","Jill Masterson: ""Where?""","We may not be in professor flitwick's class, but you sure are charming!",Can I have your picture so I can show Santa what I want for Christmas?,My Diglett's attracted to your SWEET SCENT.
Browncoats do it better.,"James Bond: ""Oh, I know the best place in town.""",Whaddya say you and me go look for the Room of Requirement?,Can I take your picture to prove to all my friends that angels do exist?,My Donphan won't ROLLOUT for you much longer.
"C'mon man, just take 'em off, just take 'em off and we'll have some fun.","James Bond: ""I'm still not quite sure how good you are.""",Without you I feel like I'm in Azkaban and dementors are sucking away my soul.,Can I tie your shoe? Because I can't have you fall for anyone else.,My Exeggcute are pretty weak. Let's battle so they can get some experience.
Can I be any more interested?,"Jinx: ""I am so good.""",Would you like to whomp my willow?,Can you kiss me on the cheek so I can at least say a cute girl kissed me tonight?,My Gyarados is BIG enough for you to ride it ALL day and night.
Can I go golfing with you?,"James Bond: ""Especially when you're bad.""","Wow, when I said ""Accio hottie"", I didn't expect it to work!",Can you pull this heart-shaped arrow out of my butt? A damn little kid with wings shot me.,"My Kadabra just used Future Sight, and it looks like we've got a future together."
Can I show you my Long Island?,"James Bond: ""Well, my dear, I take it you spend quite a lot of time in the saddle.""","Yeah, girls call me Aguamenti? Every time they hear my name they get wet.","Can you take me to the bakery? Because, I want a Cutiepie like you!",My Lickitung can reach deeper than you can imagine!
Can you empty your pocket? I believe you have stolen my heart.,"Jenny Flex: ""Yes, I love an early morning ride.""",You are like a bottle of Skele-Gro: You're growing me a bone.,Can you take me to the doctor? Because I just broke my leg falling for you.,My love for you burns like a Charizard's tail.
Care to dance?,"James Bond: ""Well, I'm an early riser myself.""",You can have the portkey to my heart.,"Come live in my heart, and pay no rent.",My Magikarp knows a little more than SPLASH if you know what I mean.
Carlton,"James Bond: ""Well, Tracy, next time play it safe and stand on five.""","You don't even have to say ""Luminos Maxima"" to turn me on!",Could you please step away from the bar? You're melting all the ice!,My Pokeballs are SWIFT in your mouth.
"Charlie: Whatever. What are you doing for dinner? Lisa: Charlie, a lot has changed. Charlie: I know. I'm older and wiser, and you're hot and on the rebound!","Tracy: ""People who want to stay alive play it safe.""","You don't need to say ""Incendio"" to light my fire",Crap. Something is wrong with my cell phone. {Oh Really. What is that?} Its just that...your numbers not in it.,My Shellder wants to clamp onto your Slowpoke's tail!
Check out my sweet buns,"James Bond: ""Please, stay alive! At least for tonight.""","You have two choices tonight, come with me and you'll see love spells. Go with him and you'll see Hog-WARTS!","Damn girl, I thought diamonds were pretty until I laid my eyes on you!",My Typhlosion knows Eruption.
Curse your sudden but inevitable betrayal in bed.,"James Bond: “Now put your clothes back on, and I'll buy you an ice cream.”",You make my Huffle puff.,"Damn girl, if you were a fruit, you'd be a FINEapple!",My Typhlosion knows EXPLOSION!!
"Darling, you're on fire. Like doughnut grease.","James Bond: [After Dr. Holly Goodhead kisses him] ""What was that for?""","You must be magical, because I've fallen under your spell.","Damn girl, you have more curves than a race track",Squirtle isn't the ONLY one that can use water gun. - wink -
Did you see that wonderful new documentary about the best sushi in the world?,"Dr. Holly Goodhead: ""For saving my life.""","You must be my horcrux, because you complete me.","Damn girl, your legs go all the way up and make and ass of themselves!",starMiE and starYU belong together do you get the message?
Do you know the first position?,"James Bond: ""Remind me to do it more often!""",You must be really good at Transfiguration! (Why?) Because you've changed my life.,"Damn, if being sexy was a crime, you'd be guilty as charged!","STD’s are like Pokemon baby, gotta catch ‘em all! Wanna help me out?"
Do you want some of my hot dog?,James Bond: [in bed with Christmas Jones] I was wrong about you.,"You must have given me some Skelegrow, 'cause my bone is really growing right now.",Damn! You with those curves and me without brakes!,"The name's cock..i mean brock..wait, i said that right."
Does anybody ever ask me how my day is going?,"Dr. Christmas Jones: Yeah, how so?","You're so hot, Aguamenti couldn't put you out!",Did god take the thunder out the sky and put it in your thighs?!,Those are some nice HOOTHOOTS you got there.
Don't leave. Everybody leaves.,James Bond: I thought Christmas only comes once a year.,Your kiss is like a dementor's........It takes my soul away!,Did it hurt? (Did what hurt?) When you fell out of heaven?,Wanna watch my EKANS evolve?
Emotion is a con man’s sweet spot.,"James Bond: [in the shower together] ""I like you better without your Beretta.""","Your name must be Severus Severus, because you're making my prince full blood.",Did the sun come out or did you just smile at me?,Want my Caterpie to use String Shot on you?
Excuse me! Are there any strippers here? Former strippers? Non-dancers but you're feeling a little bit drunk?,"Sévérine: ""I feel naked without it.""",Your smile's like expelliarmus: simple but disarming.,Did you clean your pants with Windex? I can practically see myself in them.,Want to Link your cable onto me?
Flute-playing enhances my finger dexterity,James Bond: I tend to notice little things like that - whether a girl is a blonde or a brunette...,,"Did you fart, cause you blew me away.",Want to register your number in my PokeNav?
"Ginger, U are fabulous! I’m an A-list actor you mite like to meet….Ure fone is dead and out of service…",Tiffany Case: And which do you prefer?,,Did you get your license suspended for driving so many guys crazy?,Want to ride my emPOLEon?
Girl your eyes are bluer than Heisenberg's Crystal,"James Bond: Well, as long as the collars and cuffs match.",,"Did you go to bed early last night? From the looks of it, you got your beauty sleep.",What's your favorite move? Mine is LICK.
"Girl, I got to tell you, that suit looks like a piece of 'Good God' wrapped up in some 'Have Mercy,' with a side of 'unghm!'",James Bond: Who are you?,,Did you have lucky charms for breakfast? Because you look magically delicious!,"When I look at you, my Metapod can't get any harder."
"Girl, you're more precious than Precious.",Pussy Galore: My name is Pussy Galore.,,"Did you hear that? Was that canon fire? Oh no, it's just my heart pounding!","When I'm around you, I am like a Geodude, as hard as a rock!"
Go home! Go home! Go home! With me.,James Bond: I must be dreaming,,Did you invent the airplane? Because you seem Wright for me,Why don't you and me go back to my gym and have a naked battle.
Going out with you would be my biggest break since the rural juror,"James Bond: You don't think I enjoyed what we did this evening, do you? What I did tonight was for King and country! You don't think it gave me any pleasure, do you?",,Did you just come out of the oven? Because you're hot.,Will you use ROCK POLISH on my Pokeballs?
Haaave you met me?,"Fiona Volpe: But of course, I forgot your ego, Mr. Bond. James Bond, who only has to make love to a woman and she starts to hear heavenly choirs singing. She repents and immediately turns to the side of right and virtue, but not this one. What a blow it must have been, you having a failure.",,Did you read Dr. Seuss as a kid? Because green eggs and... damn!,You give my Gengar that smile.
Have you ever licked the Liberty Bell?,"James Bond: Well, you can't win them all.",,Did you sit in a pile of sugar? Because you have a pretty sweet ass,You just gave me a Cubone.
Haven't you heard? I'm the crazy bitch around here.,James Bond: You're not my type.,,Did your father have sex with a carrot? Because you've got nice eyes.,You make me errupt like the Cinnabar Island volcano.
Hehe. You give me like...a boner or something. Yeah. Hehe. A boner.,"Girl: Why, cause I have half a brain?",,Didn't I see you on the cover of Vogue?,"You make me feel like an Electrode, you give me an EXPLOSION in my pants."
Hello. I'm a babe magnet.,"James Bond: No, cause you're single.",,Do I know you? Because you look a lot like my next girlfriend.,You make me RY-HORNY!
"Here is a good news. If I realize I'm insane, then I'm okay with it. I'm not dangerous insane.",James Bond:[in bed with his Scandinavian language tutor] I always enjoyed learning a new tongue.,,Do you believe in love at first sight or should I walk by again?,You make my bulba sore.
"Hey baby, wanna twirl with me?",Just relax while we unzip your files.,,Do you bleach your teeth? 'Because your smile lights up the entire room like a candle in the dark. Let's go prove it.,You make my Darkrai rise.
"Hey baby, you look so good, I wish I could plant you and grow a whole field of y'all!",Just relax while we unzip your files.,,Do you have a Band-Aid? Because I just scraped my knee falling for you.,You make my Gyrados HYDROPUMP!
Hey girl!! Why don't you stand up and wrap your arms around a REAL man? Ok checkitout checkitout checkitout. I got 4 words for you... Hol-i-day. inn. C'mon girl you know you want to!,"Log cabin girl: ""Oh James, I cannot find the words.""",,Do you have a keg in your pants? Because I'd like to tap that!,"You might need to catch them all, but all I need to catch is you."
"Hey girl, I don't have power and success, but I'm funny.","Bond: ""Well, let me try and enlarge your vocabulary.""",,Do you have a map? Because I just keep getting lost in your eyes!,You must be a Charmander because you're getting me hot.
"Hey girl, let's go to the deer blind.","Major Anya Amasova: ""That it's very important to have a positive mental attitude.""",,Do you have a mirror in your pocket? 'Because I could see myself in your pants.,"You put the ""BONE"" in Cubone."
"Hey girl, no need to hunt, you already trapped my heart.","James Bond: ""Nothing more practical than that?""",,Do you have a name or can I call you mine?,"You put the ""cool"" in Tentacool."
"Hey girl, you look so good, I'd marry you brother just to get in your family","Major Anya Amasova: ""Food is also very important.""",,Do you have a pencil? Because I want to erase your past and write our future.,"You put the ""Double-D"" in Dodou."
Hey Wadester.,"James Bond: ""Mm hmm. What else?""",,"Do you have a sunburn, or are you always this hot?","You put the ""Wiggle"" in Wigglytuff."
Hey! I'm so dope. I'm illegal in 55 states!,"Major Anya Amasova: ""When necessary, shared bodily warmth.""",,Do you have a twin sister? Then you must be the most beautiful girl in the world!,"You remind me of Deoxys, you're out of this world."
"Hey, boo. Are you aging in reverse? 'Cause you look barely legal.","James Bond: ""That's the part I like.""",,Do you have an eraser? Because I can't get you out of my mind.,"You remind me of Pokemon, I just want to Pikachu."
"Hey, did you used to be a demon? Cuz that's hot.","Marie: ""Is there something I can do for you?""",,Do you have any raisins? [No] How about a date?,You set my Chimchar on fire.
"Hey, girl, I’ve got some gossip for you. You sexy.","James Bond: ""As a matter of fact, there is. There's something I'd like you to get off your chest.""",,Do you have any sunscreen? 'Because you are burning me up!,You'll be WEEZING after I'm done with you.
"Hey, Hey, Hey, Hey! Let's go out sometimes.","May Day, where have you been? I've been waiting for you . . . to take care of me, personally.",,"Do you have the time? [Tells you the time] No, the time to write down my number?","You're such a good catch, i think i'll use my only MASTER BALL on you."
"Hey, Wanna take a trip to the special hell?",Mayday: Someone will take care of you.,,"Do you have the time? No, the time to write down my number?",You've got the lips of a Jynx!
"Hi, I'm Tom, I have a raccoon on my head.","James Bond: Oh! You'll see to that personally, will you?",,Do you know how I got these biceps? By lifting children out of poverty.,Your gonna need a HYPERPOTION by the time i'm done with you.
"Hi, my name is George, I'm unemployed and I live with my parents.","Miss Caruso: ""Such a delicate touch.""",,Do you know karate cause your body is kickin,Your more beautiful than a Beautifly.
"Hi, my name is Vod – Vod-Kaknockers!","Bond: ""Sheer magnetism, darling.""",,Do you know karate? Because your body is really kickin'.,Default dance repeatedly'
How about we head up to the bedroom for some halftime festivities?,"Miss Taro: ""What should I say to an invitation from a strange gentleman?""",,Do you know karate? Because your body's kickin!,Are you a Loot Pinata? Cause I can smack you all night long.
How about you let me put my Malcolm in your middle.,"James Bond: ""You should say yes.""",,"Do you know what I did last night? I looked up at the stars, and matched each one with a reason why I love you.",Are you an ATK? Because I want to get inside you
How you doing?,"Now put your clothes back on, and I'll buy you an ice cream.",,Do you know what my shirt is made of? Boyfriend material.,Are you purple save cause I’m checking you out.
Hurry up and write your number down before I don't want it no more,"Now put your clothes back on, and I'll buy you an ice cream.",,Do you know what'd look good on you? Me.,Call me cupid Cause I Just landed a crossbow shot to your heart.
I almost died choking on a donut! Alone!,"Oh, the things I do for England.",,Do you like short love affairs? I hate them - I've got all weekend.,Can i be your victory royale?
I always wear my special hat in bed,"Oh, the things I do for my country!",,"Do you live in a corn field, cause I'm stalking you.",Can I chug on your jugs?
I am a leaf on the wind... in bed,"Plenty O'Toole: ""Hi, I'm Plenty.""",,"Do you remember me? [No.] Oh that's right, we've only met in my dreams.",Can I explore your chest?
I am a love maker!,"James Bond: ""But of course you are.""",,Do you sleep on your stomach? No. Can I?,Can I hide in your bush?
I am a regular Harry Potter… In the kitchen of course.,"Roses are red, violets are blue, your pin number 6852.",,Do you want to see a picture of a beautiful person? (hold up a mirror),Can I see your chug jugs
I am filled with so much love for you my heart might explode.,"Russian Lady Agent: ""But James, I need you!""",,Do you work at Dick's? Because you're sporting the goods.,Come ride my big rocket and have a good time.
I am on a drug. It's called Charlie Sheen.,"Bond: ""So does England!""",,Do you work at Starbucks? Because I like you a latte.,Did you come from the lodge? Because I wouldn't make you lonely.
I blue myself when I think about you.,"Saida: ""Ah! I've lost my charm!""",,Do you work at subway? Because you just gave me a footlong!,Did you come from Tilted Towers? because I would Tilt you over!
"I can handle this. ""Handle"" is my middle name. Actually, ""handle"" is the middle of my first name.","James Bond: ""Not from where I'm standing.""",,Do you work for UPS? I could have sworn I saw you checking out my package.,"Do you play Fortnite, I want you in my fort tonight"
I don't have to be a medical professional to diagnose you with an extreme case of sexy.,Shocking. Positively shocking.,,Do you work for UPS? I could have sworn I saw you checking out my package.,Do you wanna see my tilted tower
I don't let anything get in the way of what I want. And I want you.,"Silva: ""There's a first time for everything — eh, Mr. Bond?""",,Do your legs hurt from running through my dreams all night?,Do you want to be lonely like lonely lodge or all action like tilted towers
I don't smoke...but I do flirt...,"James Bond: ""What makes you think it's my first time?""",,Does your father sell diamonds? Because you are FLAWLESS!,Fancy some pump action?
"I don't wanna blink, 'cause I'm afraid to miss even a second of your cuteness.","Sir Donald Munger: ""Tell me, Commander, how far does your expertise extend into the field of diamonds?""",,Does your left eye hurt? Because you've been looking right all day.,Get in my ATK.
"I don’t know about you, but I’m feeling pretty enlightened right now.","James Bond: ""Well, hardest substance found in nature, they cut glass, suggest marriages, I suppose it replaced the dog as the girl's best friend. That's about it.""",,Don’t you work at Hooters?,Girl are you a legendary?
I followed Hall & Oates around the country one summer,"Solitaire: ""Is there time before we leave for lesson number three?""",,"Even if there wasn't any gravity on earth, I would still fall for you!",Girl are you a Scar? You are Golden.
I have never met a pizza that I didn't like.,"James Bond: ""Of course. There's no sense going out half-cocked.""",,"Excuse me, but does this smell like chloroform to you?",Girl are you a supply drop? You are an angel that fell from the sky and saved me.
"I heard this place sells coffee. Maybe you and I could get one sometime, if you want.","Solitaire: ""James, what are you doing?""",,"Excuse me, but I think I dropped something. MY JAW!",Girl are you victory royal? You are my only one out of 100.
I hope your soul is permanent because I will give you more than one moment of true happiness,"James Bond: ""Just testing an old adage: 'Unlucky at cards . . . '""",,"Excuse me, but you dropped something back there"" (What?) ""This conversation, lets pick it up later tonight.","Hey babe, want me to grease up your grove tonight?"
I just hope my next fake girlfriend isn't so bossy,"Strawberry Fields: ""If you attempt to flee, I will arrest you, drop you off at the jail, and take you to the plane in chains, understand?""",,"Excuse me, could you please dial down your hotness, it's causing global warming",Hey girl wanna play doubles?
I just want to get my mother out of my head. I don't want to quit drinking or gambling or none of that good stuff.,"James Bond: ""Perfectly. After you.""",,"Excuse me, does this rag smell like chloroform to you?",How many bucks to see your V
I know your feet must be tired because you've been running through my mind all day!,"Mathis: ""I think she has handcuffs.""",,"Excuse me, I don't want you to think I'm ridiculous or anything, but you are the most beautiful woman I have ever seen. I just felt like I had to tell you.",I am no grappler but I could still reel you in.
I like hot girls. And I like hot boys. I like hot people. What can I say? I'm shallow.,"James Bond: ""I hope so.""",,"Excuse me, I just noticed you noticing me and I just wanted to give you notice that I noticed you too",I can explore your shifty with my clocktower.
"I like my women like I like my wine, red and full of alcohol.",Take a giant step for mankind.,,"Excuse me, I think you have something in your eye. Oh wait, it's just a sparkle.","I just survived Titled Towers, so I'm totally looted up right now."
I like the shape of your ears.,Tatiana Romanova: I think my mouth is too big!,,"Excuse me, I'd like to have kids someday, and I wanted to know how your parents created such a beautiful creature.",I love you by Default!
I like to listen to 90's R&B before trial.,"James Bond: It's just the right size... for me, that is.",,"Excuse me, I'm lost. Can you give me directions to your house?",I promise I ain't no double-pump chump.
I like to watch. Do you?,"Tell me, Miss Trench, do you play any other games?",,"Excuse me, if I go straight this way, will I be able to reach your heart?",I wanna jump in your rift and show you a whole new world.
I like your sweater…it's soft. - Piper,That's quite a nice little nothing you're almost wearing. I approve.,,"Excuse me. I'm from the FBI, the Fine Body Investigators, and I'm going to have to ask you to assume the position",I want my shifty shaft to visit your moisty mire 
I love you almost as much as I love television,The CIA is trying to steal my penis... I need to find a place to hide it.,,"Fascinating. I've been looking at your eyes all night long, 'cause I've never seen such dark eyes with so much light in them.",I want to land on you baby.
I may be a sick lesbian in a prison bunk. But I got a couple tricks up my sleeve.,The names Will. God's will.,,"For a moment I thought I had died and gone to heaven. Now I see that I am very much alive, and heaven has been brought to me.",I would drop my gold scar for you.
"I may shoot to kill, but I’d miss you.",Then how about a nightcap on the company? My company.,,"Forget about Spiderman, Superman, and Batman. I'll be your man.",I would love to harvest your materials.
"I might be going on a tangent, but would you like to be the Sine to my Cosine?","Vesper Lynd: ""I can't resist waking you. Every time I do, you look at me as if you hadn't seen me in years. Makes me feel reborn.""",,Girl you so fine I wish I could plant you and grow a whole field of y'all!,I’ll show you how to have fun in pleasant park
"I might be having feelings. Like weird, weird feelings for pretzels.","James Bond: ""If you had just been born, wouldn't you be naked?""",,"Girl you're like a car accident, cause I just can't look away.",I’m gonna take u to pleasant park and shove my shifty shaft inside your dusty depot.
I need your help to polish my gun.,"Vesper Lynd: ""If the only thing left of you was your smile and your little finger, you'd still be more of a man than anyone I've ever known.""",,"Girl, are you a cop? [No] Because you're America's Finest",I'd jump off a floating bus for you. 
"I noticed you noticing me, so I just wanted to put you on notice.. that I notice you too","James Bond: ""That's because you know what I can do with my little finger . . . """,,"Girl, if I were a fly, I'd be all over you, because you're the shit!","If we were the last 2 people on earth, I'd throw a boogie bomb down so we can dance together forever."
I provide leverage.,"Wai-Lin: ""They're looking for us, James.""",,Guess what I'm wearing? The smile you gave me.,"If you are a default, I will carry you all night long."
I see you're into anarchy. I'd love to get wild with you.,"James Bond: ""Let's stay under cover.""",,"Have you always been this cute, or did you have to work at it?","If you were a chest, I would loot you. "
"I swear by my pretty floral bonnet, I will do you.",We understand you so much better than the guy you're with now.,,Have you been to the doctor lately? Because I think you're lacking some Vitamin Me.,If your legs were a chest I'd open you right up
"I think I've seen your picture somewhere before... oh yeah that's right, it was in the dictionary next to KABLAM!","Well, I'm afraid you've caught me with more than my hands up",,Heaven's missing an Angel.,Ill be the meteor to your Tilted Towers
I think I’m falling in love with you.,What's a nice girl like you doing at the corner of 5th and Guadalupe avenue at 8:37pm?,,"Hello are you married? [Yes] Well I didn't hear you say ""happily"".",I'll make you wet like a shield potion if you go out with me.
I think my penis stopped breathing. Do you know CPR?,"Whatever I am...Whatever is left of me, I'm yours.",,"Hello how are you? [Fine] Hey, I didn't ask you how you looked!",Is your name Mire? Because I'm making you Moisty. 
I think we should go out on a real date.,"When one is in Egypt, one should delve deeply into its treasures.",,"Hello, I'm a thief, and I'm here to steal your heart.",Let's spend the night in my fort and have a pleasant time.
I think you're hot. And whoever doesn't like it can kiss my ass!,Would you...be interested in a night cap,,"Hello, I'm doing a survey of what people think are the cheesiest pickup lines. So, do you pick 'Do you come here often?', 'What's your sign?', or 'Hello, I'm doing a survey of what people think are the cheesiest pickup lines.'?",My health is low and I have no shield and no weapon. The only cure is for me to chug on those jugs of yours and for you to give me a little pump action.
I think you're totally ah-mah-zing!,"Xenia Onatopp: ""You don't need the gun, Commander.""",,Hello. Are you taking any applications for a boy/girlfriend?,My health is low and I have no shield and no weapon. The only cure is for me to chug on those jugs of yours.
"I use coffee to wake up. And, now I'm up.","James Bond: ""Well, that depends on your definition of safe sex.""",,Hello. Cupid called. He says to tell you that he needs my heart back,my lodge is lonely without you.
I want to use my coupons for free hugs on you.,You come here often.,,"Here's $10. Drink until I am really good looking, then come and talk to me.",My mats is all wood for you.
I want you to be part of my life.,"You didn't think I'd miss this performance, did you?",,"Here's the key to my house, my car... and my heart",My towers tilt for you.
I was just listening to a crazy termite. Hatching a crazy plan that absolutely will not work.,"You don't think I enjoyed what we did this evening, do you? What I did tonight was for Queen and country!",,Hershey's makes millions of kisses a day.. .all I'm asking for is one from you.,No shockwave grenade is going to keeps you away from me.
I will help you avenge your father's death after you help me avenge this boner.,You look way prettier in person than through your webcam.,,"Hey baby you're so fine you make me stutter, wha-wha-what's your name?","Once I’m done with you, you’re gonna need to abortnite."
I wish I was a pokemon master so I could peek-at-chu (pikachu).,"You're a woman of many parts, Pussy!",,"Hey baby, I must be a light switch, because every time I see you, you turn me on!",The only solo win I desire is You.
I wish I was an ion so I could form an exothermic bond with you.,You're free Friday. Would you like to have dinner?,,"Hey baby, you've got something on your butt - my eyes!",Time to get some pump action.
I would wuv to get in your pants.,,,Hey baby. You got a jersey? [A jersey?...Why?] Because I need your name and number.,Wanna feel my shifty shaft? 
I'd do anything to protect my sister. Does that make you hot?,,,Hey how many boyfriends have you had? (Like 10 I Think) Could I Make That 11?,Want me to Grease up your Grove tonight? 
I'd like to hang out at your peach pit,,,"Hey, are you my appendix? Because I don't understand what you do, but this feeling in my stomach makes me want to take you out?",Want to check out my pickaxe?
I'd like to love you until un-death do us part.,,,"Hey, don't frown. You never know who could be falling in love with your smile.",Want to Fortnite and Chill?
I'd love to be the Diet Pepsi to your Sofia Vergara.,,,"Hey, don't I know you? Yeah, you're the girl with the beautiful smile.",Would You like to rocket ride me?
I'd love to dock my boat in your harbor.,,,"Hey, how did you do that? (What?) Look so good?",You are as fine as a gold scar.
I'd love to tune up your engine.,,,"Hey, I didn't know angels flew so low.",You are as rare as a purple RPG from a chest.
I'd never yada yada sex with you!,,,"Hey, I'm new in town.",You ever been sprayed by a mini gun?
I'll be in my bunk. Wanna come with?,,,"Hey, is it just me, or are we destined to be married?",You got a jump pad? Cause I’ll jump right over to you.
I'll follow you through a revolution and back.,,,"Hey... Didn't I see your name in the dictionary under ""Shazaam!""?",You have built into my heart.
I'll hack my way into your heart.,,,Hey... somebody farted. Let's get out of here.,You just won the battle royal to my heart.
I'll love you until Tom catches Jerry and has him 4 supper,,,"Hi, did your license get suspended for driving all these guys crazy?",You turned my pants into a Moisty Mire.
I'll slime you so good you'll think your on Nickelodeon,,,"Hi, I have big feet.",You won my heart.
"I'm a criminal, we keep odd hours.",,,"Hi, I'm a fashion photographer. Would you like to be in my next photo shoot?",You'll be wailing at my woods.
I'm a paleontologist. I dig.,,,"Hi, I'm Mr. Right--I heard you were looking for me.",Your chest is legendary.
I'm a real good sex person,,,"Hi, I'm writing a term paper on the finer things in life, and I was wondering if I could interview you?",Hey girl do you play Fortnite.
"I'm a spring princess, so consider yourself sprung!",,,"Hi, my name is Doug. That's ""god"" spelled backwards with a little bit of U wrapped up in it",I got a bazooka in my pants and it's legendary.
I'm a sucker for surveillance. Would you like to join me?,,,"Hi, the voices in my head told me to come over and talk to you.",I’ll be your duo queue tonight.
I'm a very private person. Care to be something I'll never tell a soul about?,,,"Hi. I'm an astronaut, and my next mission is to explore Uranus.",
I'm Chuck Bass.,,,How come you're not on top of a Christmas tree? I thought that's where angels belonged.,
I'm dating myself.,,,How does it feel to be the most beautiful girl in this place?,
"I'm digging your body, but what really turns me on are your brainssssss!",,,How is your fever? [What fever?] Oh... you just look hot to me.,
I'm Earl Kinsella and I have a lot to offer,,,How much does a polar beat weight? Enough to break the ice!,
I'm feeling some sapphic vibes coming off you.,,,How much? To buy your heart baby...,
"I'm giving you my cold face. Hardcore, right?",,,How was heaven when you left it?,
"I'm like a human USB, baby. I can do it all.",,,I am a man of few words. You are beautiful. Would you like to go out?,
I'm like a ship without a port!,,,I bet you $20 you're gonna turn me down.,
"I'm lyin' I'm dyin', you know what I'm sayin?",,,I blame you for global warming... your hotness is too much for the planet to handle!,
"I'm not a doctor, but I'd sure love to give you a physical exam.",,,I can hold my liquor but kissing you would make me weak at the knees.,
I'm not a gold digger. It's just your bank account turns me on.,,,"I can't believe I've been hear the entire evening with all these beautiful people and the moment I find 'The One', all I have time to say is ""good bye"".",
I'm not a stop along the way. I'm a destination.,,,I can't think of anyone else I'd rather survive a Zombie Apocalypse with.,
"I'm not Colombian, but I can tell you're caliente.",,,I could use some spare change and you're a dime.,
I'm not so good with the advice... Can I interest you in a sarcastic comment?,,,"I didn't believed in heaven, until I saw you.",
"I'm only a teacher from 8:15 to 3:00. After that, I'm just a person like anyone else.",,,I didn't know angels were allowed on campus.,
"I've got a ""book"" for you to red.",,,I didn't know that angels could fly so low!,
"I've got a fever, and the only prescription is more of what you've got, baby.",,,"I didn't see any stars in the sky tonight, the most heavenly body was standing right next to me.",
"If I get your number, can I call you sexy?",,,"I don't have a library card, but do you mind if I check you out?",
"If I told you you had a beautiful body, would you hold it against me? Get it? It's a double entendre... Savez-vous?",,,I don't know how I'll ever get to class on time when it's so easy to get lost in your eyes.,
"If I’m a demon, you must be a Devil’s Trap, because I’m stuck to you.",,,"I don't know if you're beautiful, I haven't gotten past your eyes yet.",
"If you think I'm crazy now, wait until we get in the sack.",,,"I don't know which is prettier today, the water, the sky or your eyes.",
"If you want to receive e-mails about my upcoming shows, then please give me money so I can buy a computer.",,,"I don't know you, but I think I love you already",
"If you're too good for 99 percent of guys, that's cool, because I'm a one-percenter.",,,I have an 'owie' on my lip. Will you kiss it and make it better?,
"In the morning, I'll let you wear my knitted cap.",,,"I have had a really bad day and it always makes me feel better to see a pretty girl smile. So, would you smile for me?",
Is Gabriel around? Because you’re like a beautiful mirage.,,,I hear they banned you from school lunches for being so sweet.,
Is that a Callahan full-bore auto-lock or are you just happy to see me?,,,"I hope there's a fire truck nearby, cause you're smokin'!",
Is that a stair car in your pants or are you happy to see me?,,,"I hope there's a fireman around, cause you're smokin'!",
"Is that rigor mortis setting in, or are you just happy to see me?",,,"I hope you know CPR, because you take my breath away!",
Is that the Colt in your pocket or are you just happy to see me?,,,I hope you like coffee...because I always have Folgers in my Cup,
Is your name Alec Hardison? it seems you know how to turn my software to hardware.,,,I hope your day has been as beautiful as you are.,
It is what it looks like - I was sent here to kill you.,,,"I just got dumped, and I think that you could make me feel better.",
It's not stalking if you both happen to be at the same party. (Spike),,,I just got this naughty list from Santa and I'm pretty sure you're on it.,
It’s beautiful here.,,,I just had to come talk with you. Sweetness is my weakness.,
I’d go to hell and back just to be with you.,,,I just wanted to show this rose how incredibly beautiful you are!,
I’d like to be your Mother of All,,,"I know I don't have a chance, but I just wanted to hear an angel speak.",
I’d love to jump in your hole.,,,I know I'm not a library book but I can tell when you're checking me out.,
I’m just admiring you. It’s impressive how you’ve handled everything.,,,"I know milk does a body good, but baby, how much have you been drinking?",
"I’m not a wraith, but I can make you go crazy with one touch.",,,"I know somebody who likes you but if I weren't so shy, I'd tell you who.",
Janice: Oh... my... God!,,,"I like Legos, you like Legos, why don't we build a relationship?",
"Joan, let's make a pact, OK? If we're both still single in an hour, let's get married.",,,"I love my bed, but I'd rather be in yours.",
"Joey: Come on, give me another chance. I can do a southern accent. [with Jamaican accent] Joey: Ya, mon.",,,I love you like a pig loves not being bacon.,
"Let play a game called T.V, I turn your knobs and you watch my antennae rise.",,,"I may not be a genie, but I can make your dreams come true.",
Let's commit the perfect crime: I'll steal you're heart and you'll steal mine.,,,"I may not be DQ, but I could treat you right.",
Let's get together and test the Big Bang Theory.,,,"I must be a snowflake, because I've fallen for you.",
Let's go break the law just one more time.,,,"I must be dancing with the devil, because you're hot as hell.",
"Let's go out to Oyster Bay, where no one will find us for a long, long time.",,,"I must be in a museum, because you truly are a work of art.",
Let's park and get some recreation going.,,,I must be in heaven because I'm looking at an angel!,
Let's role play tonight. You play me and I'll play you.,,,"I need a dollar, but I only have 90 cents... do you want to be my dime?",
Let's run away on that boat I stole from some white guy,,,I need more than 140 characters to tell you how beautiful you are.,
Let's take some revenge out on these sheets.,,,I need some answers for my math homework. Quick. What's your number?,
Let's work on our night cheese together,,,I never need to see the sun again because your eyes light up my world.,
Let’s get out of here and go all Chuck and Blair in the back of the limo.,,,"I play the field, and it looks like I just hit a home run with you.",
"Listen to me. This harvest festival, it's gonna knock your socks off and when it does, I'm gonna be there to give you a foot massage. To completion.",,,I seem to have lost my phone number. Can I have yours?,
"Look, if you knew me at all and shut me down, it would be one thing, but to be dismissed on a simple ""hello"", well, that's a tough pill to swallow.",,,I sneezed because God blessed me with you.,
Looking for your happy ending? Let me show you the way.,,,"I think I can die happy now, cause I've just seen a piece of heaven.",
"Love isn't blind, it's retarded.",,,I think it is time I tell you what people are saying behind your back. Nice Ass!,
Meat should never be used as an adjective.,,,I think there's something wrong with my eyes because I can't take them off you.,
My engine is overheating just standing near you.,,,I think you just stole something. [What?] My heart.,
My freedom is worth more than anything that diamond could buy.,,,I think you're suffering from a lack on vitamin me.,
My name's Nate Ford...and I am a thief.,,,I thought happiness started with an H. Why does mine start with U?,
My nephew was in twilight,,,I tried my best to not feel anything for you. Guess what? I failed.,
My sex doll is very popular in Japan,,,I tried to send you something sexy last night but the mail man told me to get out of the mailbox,
"Neal Caffrey, at your service.",,,I wanna live in your socks so I can be with you every step of the way,
No power in the 'Verse can stop me... in bed.,,,"I want our love to be like pi, irrational and never ending.",
"No sex for you! I mean..Yes, sex for you!",,,"I want to be your tear drop, so I could be born in your eyes, live on your cheeks, and die on your lips.",
No tea in this dress shop? What are you going to do?.. Put me in dress jail?,,,I want to tell you your fortune. [Take her hand and write your phone number on it.] Your future is clear.,
"No, I don’t text her, 'It was nice meeting you.' I wait eight weeks and I text her, ‘What's crackin?'",,,I want you almost as much as I want world peace.,
Of course I'm good in bed. How do you think Finch got his limp?,,,"I was feeling a little off today, but you definitely turned me on.",
"Oh there is plenty of fish in the sea, but only one bass.",,,I was so enchanted by your beauty that I ran into that wall over there. So I'm going to need your name and number for insurance purposes.,
"Once I bent down to pet a small dog and hey, it was a 5 pound squirrels.",,,I was wondering if you had an extra heart mine seems to have been stolen,
"One time in college, a girl told me it's not you, it's me. You're darn right it's you... you heifer!",,,I was wondering if you have a moment to spare for me to hit on you?,
Ouch! My tooth hurts..it's because you're so sweet.,,,"I wasnt sure if you were a beautiful angel or a sexy devil, but now that I'm close I see heaven in your eyes.",
"Plus, I don't have any early classes so we can sleep in",,,I will stop loving you when an apple grows from a mango tree on the 30th of February.,
"Revenge is a dish best served cold; my love on the other hand, is best served hot and steamy.",,,"I wish I was cross eyed, so I could see you twice.",
"Revenge might be a dish served cold, but I'll make sure the sex is piping hot.",,,"I won't give you a pick-up line, if you let me buy you a drink.",
Sex couldn't kill me.,,,I would die a million deaths if it meant I could be with you!,
Sitting next to borpoh doesn't come close to snitting next to yerpoh,,,I'd marry your cat just to get in the family.,
Sometimes bad guys are the only good guys you get.,,,"I'd offer you a cigarette, but you're already smoking hot.",
"Spike: You listen to me. [Kneels in front of her] I've been alive a bit longer than you, and dead a lot longer than that. I've seen things you couldn't imagine, and done things I prefer you didn't. I don't exactly have a reputation for being a thinker. I follow my blood, which doesn't exactly rush in the direction of my brain. So I make a lot of mistakes, a lot of wrong bloody calls. A hundred plus years, and there's only one thing I've ever been sure of: you.",,,"I'd say God Bless you, but it looks like he already did.",
Standing next to you makes me feel better about myself,,,I'd suck a fart out of your ass and hold it like a bong hit.,
"Ted Mosby, Architect",,,"I'll be Burger King and you be McDonald's. I'll have it my way, and you'll be lovin' it.",
That ass. Have Mercy.,,,I'll cook you dinner if you cook me breakfast.,
The story I tell our future kids about this moment will be legen- wait for it…,,,I'll show you my tan lines if you show me yours.,
There's a banana stand in my pants.,,,I'm drowning in the sun and need mouth to mouth now!,
"They call me the hero of canton, you know.",,,I'm fighting the urge to make you the happiest woman on earth tonight.,
They call me toofer because I'm both black and great in bed,,,I'm going outside to make out... care to join me?,
Think I'm in trouble?,,,"I'm going to need a tall glass of cold water, because baby your making me HOT!",
"This might sound crazy, but I just had a flash-forward to us falling in love and getting married.",,,I'm lactose intolerant so please keep your cheesy pick up lines away from me.,
This suit is for leisure. But many times I wear it to get down to business.,,,I'm learning about important dates in history. Wanna be one of them?,
"To another time, to another place, to another us.",,,"I'm Mr. Right, someone said you were looking for me?",
To blergh you is to love you,,,I'm new in town. Could you give me directions to your apartment?,
Two words: Companion training.,,,"I'm no mathematician, but I'm pretty good with numbers. Tell you what, Give me yours and watch what I can do with it.",
"Wade: What's going on here? Zoe: I am here, Wade, to seduce you. Wade: You know, most people don't announce it first. Zoe: I just wanted to make sure you were aware of what was happening because this, my friend, is happening.",,,I'm no organ donor but I'd be happy to give you my heart.,
Wanna get in? I'd love to give you a ride.,,,"I'm not a photographer, but I can picture me and you together",
Wanna get twixt my nethers?,,,I'm not actually this tall. I'm sitting on my wallet.,
Wanna make a huge mistake?,,,"I'm not drunk, I'm just intoxicated by you.",
We can sandwich toast to orgasms. - Red,,,I'm not staring at your boobs. I'm staring at your heart.,
What is it with women and shoes?,,,"I'm not trying to impress you or anything, but... I'm Batman!",
"Whatever it is that you servin, you better give me a double",,,"I'm sorry, I don't think we've met. I wouldn't forget a pretty face like that.",
Whatever your real name is I will love you.,,,"I'm sorry, were you talking to me? [No] Well then, would you like to?",
Who needs consent? I'm Chuck Bass.,,,"I'm writing a term paper on the finer things in life, and I was wondering if I could interview you.",
Why do you have to throw a wet blanket on my dreams?,,,"I've been wondering, do your lips taste as good as they look?",
Will you be my person?,,,"I've got skittles in my mouth, wanna taste the rainbow?",
Will you be my sex Yoda?,,,"I've gotta thirst, baby, and you smell like my Gatorade.",
Would you like to stroke my gun? Her name is vera.,,,I've had a really bad day but it always makes me feel better when I see a pretty girl smile. Would smile for me and make my day?,
"Yeah, that's a gun in my pants. But I'm also really happy to see you.",,,I've had such an off week but seeing you just turns me on.,
"Yes I am a hunter, and it's you season.",,,I've heard it's bad luck not to kiss someone at midnight. (New Year's Eve),
YOLO!,,,I've noticed you noticing me and I'm just giving you notice that I've noticed you!,
You all that and a bag of chips!,,,I’m single and desolate. Can you help me?,
You can call me Sophie Devereaux. Because I'm the greatest actress.. when I am stealing your heart.,,,I’ve only got three months to live.,
"You can't tell me your opinion doesn't matter. You changed me for the better in a hundred different ways. Yeah, I might miss a book or a, a salad here and there, but...I've got Claire all over me.",,,"If a fat man puts you in a bag at night, don't worry I told Santa I wanted you for Christmas.",
You checkin’ out my guns?,,,"If a thousand painters worked for a thousand years, they could not create a work of art as beautiful as you",
You don’t need a spell to summon me.,,,"If beauty were time, you'd be eternity",
You f***ing tickle me. - Nicky,,,"If God made anything more beautiful than you, I'm sure he'd keep it for himself.",
You have a tell.,,,"If I could reach out and hold a star for every time you've made me smile, I'd hold the sky in the palm of my hand.",
You have heartbreak and I have hostility. Let's take the day off and play hooky,,,"If I could rearrange the alphabet, I would put 'U' and 'I' together.",
You know from the moment I met you I knew You were a man of fine taste.,,,"If I followed you home, would you keep me?",
You make me feel like I'm high-fiving a million angels,,,"If I freeze, it's not a computer virus. I was just stunned by your beauty.",
"You might not know it to look at me, but I can run really, really fast.",,,"If I get hooked on you, will you hook up with me?",
You must be a hell of a thief because you stole my heart from across the room.,,,If I had a garden I'd put your two lips and my two lips together.,
"You must be Pestilence, ‘cause you’ve infected me.",,,"If I had a penny for every time I thought of you, I'd have exactly one cent, because you never leave my mind.",
You must be the Impala because I’d love to ride you all night.,,,"If I had a rose for every time I thought of you, I would be walking through my garden forever.",
"You must be the yellow-eyed demon, because you’re my obsession.",,,"If I had a star for every time you brightened my day, I'd have a galaxy in my hand.",
"You waited too long and now you're in ""The Friend Zone"".",,,"if I had to choose between breathing or loving you, I would say ""I love you"" with my last breath!",
You will enjoy my special tea ceremony.,,,If I had to choose between one night with you or winning the lottery...I would chose winning the lottery...but it would be close...real close...,
"You'd better be a cardiologist, because something about you makes me want to give you my heart.",,,If I had to rate you out of 10 I'd rate you a 9... because I am the one that you are missing!,
You're like the girl of my dreams and the girl I made on my computer all in one.,,,"If I received a nickel for every time I saw someone as beautiful as you, I'd have five cents.",
You're my Angel.,,,"If I told you that you had a beautiful body, would you hold it against me?",
You're shiny.,,,"If I told you that you had a great body, would you hold it against me?",
You're so amazing baby. Are you sure it's the queen that stole my heart?,,,If i was cosin squared and you were sin squared we would be one.,
You're sweeter than an ice planet.,,,If I were a cat I'd spend all 9 lives with you.,
Your ass haunts me. - Caputo,,,"If I were a stop light, I'd turn red every time you passed by, just so I could stare at you a bit longer.",
your love makes me feel like my hearts trying to hug my brain,,,"If I were a transplant surgeon, I'd give you my heart.",
Your name must be Eliot. You had me at Hello.,,,"If I were to ask you out on a date, would your answer be the same as the answer to this question?",
Your world won't be easier if I did not come back.,,,"If I were writing an essay on your beauty, I wouldn't need to double-space or increase the margin sizes to satisfy the minimum page requirement.",
You’re hotter than a ceiling fire.,,,"If it weren't for that DAMNED sun, you'd be the hottest thing ever created.",
You’re on a clock. The question is who’s clock are you on?,,,"If kisses were snowflakes, I'd send you a blizzard",
,,,If LOVE was written on every grain of sand in the Sahara Desert that still doesn't equal my love for you.,
,,,"If nothing lasts forever, will you be my nothing?",
,,,"If stars would fall every time I would think of you, the sky would soon be empty.",
,,,"If this bar is a meat market, you must be the prime rib.",
,,,"if we shared a garden, I'd put my tulips and your tulips together. (tulips = two lips)",
,,,"If we’re going to have sex later, you probably should be there.",
,,,"If women were trophies, you'd be first place!",
,,,If you could put a price tag on beauty you'd be worth more than Fort Knox.,
,,,"If you stood in front of a mirror and held up 11 roses, you would see 12 of the most beautiful things in the world.",
,,,If you were a booger I would pick you first.,
,,,If you were a booger I'd pick you first.,
,,,"If you were a chicken, you'd be impeccable.",
,,,If you were a laser you would be set on stunning.,
,,,"If you were a library book, I would check you out.",
,,,"If you were a new hamburger at McDonald's, you would be a McGorgeous.",
,,,"If you were a potato, you'd be a sweet one.",
,,,If you were a steak you would be well done.,
,,,If you were a tear in my eye I would not cry for fear of losing you.,
,,,"If you were a transformer, you'd be a HOT-obot, and your name would be Optimus Fine",
,,,"If you were a tropical fruit, you'd be a Fine-apple!",
,,,If you were a vegetable you'd be a cute-cumber.,
,,,"If you were ground coffee, you'd be Espresso cause you're so fine.",
,,,If you weren't here I'd be the hottest person in this place.,
,,,"If you're advertising, I'm buying!",
,,,"If your heart was a prison, I would like to be sentenced for life.",
,,,"If your left leg is Thanksgiving, and your right leg is Christmas, can I visit you between the holidays?",
,,,Inheriting 10 million dollars doesn't mean much when you have a weak heart,
,,,Inheriting eighty million bucks doesn't mean much when you have a weak heart.,
,,,"Is it bright out here, or is that just your halo?",
,,,Is it hot in here or is it just you?,
,,,Is there a rainbow today? I just found the treasure I've been searching for!,
,,,"Is there a science room nearby, or am I just sensing the chemistry between us?",
,,,Is there an airport nearby or is that just my heart taking off?,
,,,Is your body from McDonald's? Because I'm lovin' it!,
,,,Is your father a Baker? Because you've got some nice buns!,
,,,Is your father a drug dealer? Because you're so Dope!,
,,,Is your father a jewel thief? because you're a real gem.,
,,,Is your father a terrorist? Because you are the bomb.,
,,,Is your father an art thief? Because you're a masterpiece.,
,,,Is your father Little Caesar? Because you look Hot 'n Ready.,
,,,"Is your last name Campbell? Because you're ""mmmm... good!""",
,,,Is your last name Campbell? Because you're mm mm good!,
,,,Is your last name Gillette? Because you are the best a man can get.,
,,,"Is your last name Whitman, because I want to sample you.",
,,,Is your name 'Swiffer'? 'Because you just swept me off my feet.,
,,,"Is your name Katrina? [No, why?] 'Cuz baby, you rock me like a hurricane!",
,,,Is your name mickey? because your so FINE!,
,,,Is your name Summer? 'Because you are as hot as hell.,
,,,"It's a good thing I wore my gloves today; otherwise, you'd be too hot to handle.",
,,,It's a good thing that I have my library card. Why? Because I am totally checking you out!!,
,,,It's dark in here. Wait! It's because all of the light is shining on you.,
,,,"It's not my fault that I fell for you, you tripped me!",
,,,"Kiss me if I'm wrong, but dinosaurs still exist, right?",
,,,Kissing burns 5 calories a minute. How about a workout?,
,,,"Kissing is a language of love, so how about a conversation?",
,,,Know what's on the menu? Me-n-u.,
,,,Lemme borrow that number gurl.,
,,,"Let me tie your shoes, cause I dont want you falling for anyone else.",
,,,"Let's commit the perfect crime: I'll steal your heart, and you'll steal mine.",
,,,Let's have breakfast together tomorrow; shall I call you or nudge you?,
,,,Let's make like a fabric softener and snuggle!,
,,,Let's play Winnie the Pooh and get my nose stuck in your honey jar.,
,,,"Lets play carpenter. First we get hammered, then I'll nail you!",
,,,Life without you would be like a broken pencil... pointless.,
,,,"Looks like you dropped something , My jaw!",
,,,"Me without you is like a nerd without braces, A shoe without laces, aSentenceWithoutSpaces",
,,,Most guys need 3 meals a day to keep going... I just need eye contact from you.,
,,,"Most people like to watch the Olympics, because they only happen once every 4 years, but I'd rather talk to you cause the chance of meeting someone so special only happens once in a lifetime.",
,,,My buddies bet me that I wouldn't be able to start a conversation with the most beautiful girl in the bar. Wanna buy some drinks with their money?,
,,,My doctor says I'm lacking Vitamin U.,
,,,"My friend thinks you're kinda cute, but I don't... I think you're absolutely gorgeous!",
,,,My lenses turn dark in the sunshine of your love.,
,,,My lips are like skittles. Wanna taste the rainbow?,
,,,"My love for you is like diarrhea, I just can't hold it in.",
,,,My name is [your here] but you can call me tonight!,
,,,"My name isn't Elmo, but you can tickle me any time you want to!",
,,,"Nice to meet you, I'm (your name) and you are...gorgeous!",
,,,"No wonder the sky is grey today, all the blue is in your eyes",
,,,"Of all the beautiful curves on your body, your smile is my favorite.",
,,,"Oh no, I'm choking! I need mouth to mouth, quick!",
,,,"On a scale of 1 to 10, you're a 9. I'm the 1 you need.",
,,,"On a scale of one to America, how free are you tonight?",
,,,Ouch! My tooth hurts! [Why?] Because you are soooo sweet!,
,,,Our break-up is worse than traffic in NY. I cant move-on!,
,,,"People call me John, but you can call me Tonight!",
,,,Pinch me. [Why?] You're so fine I must be dreaming.,
,,,Pointing at a spot on a girls face and say; You got a little beautiful on your face.,
,,,Put down that cupcake... you're sweet enough already.,
,,,"Rejection can lead to emotional stress for both parties involved and emotional stress can lead to physical complications such as headaches, ulcers, cancerous tumors, and even death! So for my health and yours, JUST SAY YES!",
,,,"Roses are red, bananas are yellow, wanna go out with a nice little fellow?",
,,,Santa's lap isn't the only place wishes come true.,
,,,"Say ""I bet I can kiss you on the lips without touching you."" and kiss her, then tell her you lost the bet.",
,,,See my friend over there? He wants to know if you think I'm cute.,
,,,See these keys? I wish I had the one to your heart.,
,,,Shall we talk or continue flirting from a distance?,
,,,"She/He says: ""Hold on""",
,,,"Should I smile because we are friends, or cry because I know that is what we will ever be?",
,,,Smile if you want to sleep with me.,
,,,"Smoking is hazardous to your health... and baby, you're killing me!",
,,,"So there you are! I've been looking all over for you, the woman of my dreams",
,,,"So, do you have a new years resolution, I'm looking at mine right now.",
,,,"So, what do you do for a living besides always making all the men excited and warm all over?",
,,,"Somebody better call God, cause heaven's missing an angel",
,,,"Somebody call the cops, because it's got to be illegal to look that good!",
,,,"Somebody needs to call the bomb squad, because you're the bomb!",
,,,"Someone should call the police, because you just stole my heart!",
,,,"Sorry, but you owe me a drink. [Why?] Because when I looked at you, I dropped mine.",
,,,Stand still so I can pick you up!,
,,,"Stare at girl . (""What're you staring at?"")",
,,,"Stop, drop, and roll, baby. You are on fire.",
,,,"Summer's over, because you're about to fall for me.",
,,,That dress would look great on my bedroom floor!,
,,,The only thing your eyes haven't told me is your name.,
,,,"There are 20 angels in the world 11 are playing, 8 are sleeping and 1 of them is standing in front of me.",
,,,There are 206 bones in the human body... do you want another one?,
,,,"There are people who say Disneyland is the happiest place on earth. Apparently, none of them have ever been in your arms.",
,,,There is something wrong with my cell phone. It doesn't have your number in it,
,,,There isn't a word in the dictionary for how good you look.,
,,,There isn't a word in the dictionary to describe how beautiful you are.,
,,,"There must be a light switch on my forehead because every time I see you, you turn me on!",
,,,"There must be something wrong with my eyes, I can't take them off you.",
,,,There's a big sale in my bedroom right now. Clothes are now 100% off!,
,,,"There's only one thing I want to change about you, and that's your last name.",
,,,There's a party in my pants and your invited.,
,,,They say dating is a numbers game... so can I get your number?,
,,,"They say milk does a body good, but you're living proof!",
,,,They say not to judge a book by it's cover but I don't even know you and I'm checking you out.,
,,,"This isn't a beer belly, It's a fuel tank for a love machine.",
,,,This time next year let’s be laughing together.,
,,,Too cheesy for you? Try these dirty lines,
,,,"Vogue just called, they want to put you on the cover.",
,,,"Wanna get some coffee, Because I like you a Latte",
,,,Wanna play Words With Friends With Benefits?,
,,,Wanna ring in the new year with a bang?,
,,,Want to be different? Say yes.,
,,,Want to come see my HARD DRIVE? I promise it isn't 3.5 inches and it ain't floppy.,
,,,Was that an earthquake or did you just rock my world?,
,,,Was you father an alien? Because there's nothing else like you on Earth!,
,,,Was your father a baker? Because you've got a nice set of buns.,
,,,Was your father a boxer? Because you're a knockout!,
,,,Was your father a mechanic? Then how did you get such a finely tuned body?,
,,,Was your father a thief? 'Because someone stole the stars from the sky and put them in your eyes.,
,,,Was your father an alien? Because there's nothing else like you on earth!,
,,,Was your father in the Air Force? Because you're da bomb.,
,,,Was your father king? He must have been to make a princess like you.,
,,,"We're like Little Caesar's, we're Hot and Ready.",
,,,"Well, here I am. What were your other two wishes?",
,,,"Well, I AM telepathic, and I can tell that you love me. Right? [NO!] Darn, I always get ""love"" and ""lust"" mixed up.",
,,,Were do you hide your wings?,
,,,Were you arrested earlier? It's gotta be illegal to look that good.,
,,,Were you in Boy Scouts? Because you sure have tied my heart in a knot.,
,,,"Were your parents Greek Gods, 'cause it takes two gods to make a goddess.",
,,,What are you doing for the rest of your life? Because I want to spend it with you.,
,,,What do you and the weather have in common? You're both Hot!,
,,,What do you want for Christmas? A date with you!,
,,,What does it feel like to be the most beautiful girl in this room?,
,,,What has 148 teeth and holds back the incredible hulk? My Zipper!,
,,,What is your favorite color? [Color] Mine too!,
,,,What size shoe you wear baby girl? I'm gonna guess size sexy!,
,,,What time do you have to be back in heaven?,
,,,What's a nice girl like you doing in a place like this?,
,,,What's on the menu? Me-n-U,
,,,"What's that on your face? Oh, must just be beauty. Here, let me get it off. Hey, it's not coming off!",
,,,"When God made you, he was showing off",
,,,"When I first saw you I looked for a signature, because every masterpiece has one.",
,,,"When I first saw you, I knew we could win the Stanley Cup in tonsil hockey.",
,,,"When I look into your eyes, it is like a gateway into the world of which I want to be a part.",
,,,"When I'm older, I'll look back at all of my crowning memories, and I'll think of the day my children were born, the day I got married, and the day that I met you.",
,,,"Whenever I think of the finer things in life, I think of exotic cars, fine wine and you.",
,,,Why don't you surprise your roommate and not come home tonight?,
,,,Would you grab my arm so I can tell my friends I've been touched by an angel?,
,,,"Would you sleep with a stranger? [No] Then Hi, my name is...",
,,,Would you touch me so I can tell my friends I've been touched by an angel?,
,,,Wouldn't we look cute on a wedding cake together?,
,,,Wow! Are those real?,
,,,"Yes, that's a iPhone in my pocket, but I'm also glad to see you.",
,,,You are a 9 - you'd be a perfect 10 if you were with me.,
,,,You are like a candy bar: half sweet and half nuts.,
,,,You are so beautiful that I would marry your brother just to get into your family.,
,,,You are so beautiful that you give the sun a reason to shine.,
,,,"You are so fine, I wish I could plant you and grow a whole field of you!",
,,,You are so sweet you could put Hershey's out of business.,
,,,You are the reason men fall in love.,
,,,You are the reason Santa even has a naughty list.,
,,,You are what I want for Christmas.,
,,,You Auto-Complete me.,
,,,"You be the Dairy Queen and I'll be your Burger King: You treat me right, and I'll do it your way.",
,,,"You better call Life Alert, because I've fallen for you and I can't get up.",
,,,You don't need keys to drive me crazy.,
,,,You hear that? The ocean wants you to join me for a drink.,
,,,You know how they say skin is the largest organ? Not in my case.,
,,,"You know I'd like to invite you over, but I'm afraid you're so hot that you'll skyrocket my air-conditioning bill",
,,,"You know the more I drink, the prettier you get!",
,,,You know what material this is? [Grab your shirt] Boyfriend material.,
,,,You know you're in love when you can't fall asleep because reality is finally better than your dreams.,
,,,"You know, beautiful is my favorite color. (girl) that's not a color.(boy) its the color of your eyes.",
,,,"You know, Dr. Phil says I'm afraid of commitment...Want to help prove him wrong?",
,,,"You know, I would die happy if I saw you naked just once!",
,,,"You know, it'd be a lot easier for me to sweep you off your feet if you stood up.",
,,,"You know, you might be asked to leave soon. You are making the other women look bad.",
,,,"You look beautiful today, just like every other day.",
,,,You look cold. Want to use me as a blanket?,
,,,You look familiar.,
,,,"You look like a cool glass of refreshing water, and I am the thirstiest man in the world.",
,,,You look like my third wife. [how many time have you been married?] Twice.,
,,,You look like Pamela Anderson’s sister.,
,,,You look so familiar… didn't we take a class together? I could've sworn we had chemistry.,
,,,You make me melt like hot fudge on a sundae.,
,,,You make me wish I weren't gay!,
,,,You make my software turn to hardware!,
,,,"You may be asked to leave soon, you're making all the other women look bad.",
,,,"You may fall from the sky, you may fall from a tree, but the best way to fall... is in love with me.",
,,,You must be a hell of a thief because you stole my heart from across the room.,
,,,"You must be a high test score, because I want to take you home and show you to my mother.",
,,,"You must be a ninja, because you snuck into my heart",
,,,"You must be from Pearl Harbor, because baby, you're the bomb.",
,,,"You must be Jamaican, because Jamaican me crazy",
,,,You really shouldn't wear makeup. You're messing with perfection!,
,,,"You remind me of a magnet, because you sure are attracting me over here!",
,,,"You Say: ""Sorry, I can't hold on... I've already fallen for you.""",
,,,You see my friend over there? [Point to friend] He wants to know if YOU think I'M cute.,
,,,You see my friend over there? He wants to know if you think I'm cute,
,,,You should be someone's wife.,
,,,"You should go in the water, because you're so hot you're on fire!",
,,,You shouldn't wear makeup. It's messing with perfection,
,,,"You spend so much time in my mind, I should charge you rent.",
,,,You wanna know what's beautiful? Read the first word again.,
,,,"You, Before I Wake Up From this Dream.",
,,,"You'd better direct that beauty somewhere else, you'll set the carpet on fire.",
,,,You're 'No Parking' right? Just trying to guess your sign.,
,,,You're hotter than donut grease.,
,,,You're hotter than Papa Bear's porridge.,
,,,"You're kinda, sorta, basically, pretty much always on my mind.",
,,,"You're like a dictionary, you add meaning to my life!",
,,,You're like a prize winning fish. I dont know whether to eat you or mount you.,
,,,"You're like pizza. Even when you are bad, you're good",
,,,You're single. I'm single. Coincidence? I think not.,
,,,You're so beautiful that you made me forget my pickup line,
,,,You're so hot you must've started global warming.,
,,,You're so hot you would make the devil sweat.,
,,,You're so hot you would make the devil sweat.,
,,,"You're so hot, I bet you could light a candle at 10 paces.",
,,,"You're so hot, I could bake cookies on you.",
,,,"You're so hot, that if you ate a piece of bread, you'd poop out toast!",
,,,"You're so hot, you'd make the devil sweat",
,,,You're so hot; you make the sun envious.,
,,,"You're so sweet, you're giving me a toothache.",
,,,"You're the only girl I love now... but in ten years, I'll love another girl. She'll call you 'Mommy.'",
,,,You’re so beautiful; your birthday should be a national holiday.,
,,,Your ass is so nice that it is a shame that you have to sit on it.,
,,,Your body is 65% water and I'm thirsty.,
,,,Your eyes are as blue as window cleaner.,
,,,"Your eyes are blue, like the ocean. And baby, I'm lost at sea.",
,,,"Your eyes are bluer than the Atlantic ocean, and baby I'm lost at sea!",
,,,"Your eyes are like a sunset, They're Beautiful, inspiring, and hard to turn away from.",
,,,"Your father must have been a baker, because you've got a nice set of buns",
,,,Your father must have been a thief. Because he stole the stars from the sky and put them in your eyes.,
,,,Your hand looks heavy. Let me hold it for you,
,,,Your legs must be tired because you've been running through my mind all night,
,,,Your lips look so lonely.... Would they like to meet mine?,
,,,Your name must be Lucky Charms because you’re magically delicious!,
,,,"Your smile lit up the room, so I just had to come over.",
